reference_id,authors,title,journal,year,volume,citation_footer,citation_type,citation,urls,pubmed_id,doi,header,reference_type,study_id,exclusion_reason
CD008686-bib-0001,"Deyo RA, Diehl AK. ",Lumbar spine films in primary care: current use and effects of selective ordering criteria, Journal of General Internal Medicine ,1986,1,  ,['citation-journal']," Deyo RA, Diehl AK. Lumbar spine films in primary care: current use and effects of selective ordering criteria.  Journal of General Internal Medicine 1986;1:20‐5.    Link to article     PubMed     Google Scholar   CAS Web of Science® Times Cited: 57   ","['https://doi.org/10.1007/BF02596320', 'https://www.ncbi.nlm.nih.gov/pubmed/2945915', 'https://scholar.google.com/scholar_lookup?title=Lumbar+spine+films+in+primary+care:+current+use+and+effects+of+selective+ordering+criteria+&author=RA+Deyo&author=AK+Diehl&publication_year=1986&hl=en', 'http://onlinelibrary.wiley.com/resolve/reference/CAS?id=1:STN:280:DyaL2s%2FjsF2rsg%3D%3D', 'http://apps.webofknowledge.com/InboundService.do?product=WOS&SID=Z1FSlHDk1z1GrOHrYUW&UT=WOS%3AA1986C254900004&SrcApp=Wiley_Online_Library&DestFail=http%3A%2F%2Fwww.webofknowledge.com&action=retrieve&Init=Yes&SrcAuth=LinksAMR&Func=Frame&customersID=LinksAMR&IsProductCode=Yes&mode=FullRecord']",2945915,https://doi.org/10.1007/BF02596320, Deyo 1986 {published data only}  ,included,CD008686-bbs2-0001,
CD008686-bib-0002,"Deyo RA, Diehl AK. ","Cancer as a cause of back pain: frequency, clinical presentation, and diagnostic strategies", Journal of General Internal Medicine ,1988,3,  ,['citation-journal']," Deyo RA, Diehl AK. Cancer as a cause of back pain: frequency, clinical presentation, and diagnostic strategies.  Journal of General Internal Medicine 1988;3:230‐8.    Link to article     PubMed     Google Scholar   CAS Web of Science® Times Cited: 91   ","['https://doi.org/10.1007/BF02596337', 'https://www.ncbi.nlm.nih.gov/pubmed/2967893', 'https://scholar.google.com/scholar_lookup?title=Cancer+as+a+cause+of+back+pain:+frequency,+clinical+presentation,+and+diagnostic+strategies&author=RA+Deyo&author=AK+Diehl&publication_year=1988&hl=en', 'http://onlinelibrary.wiley.com/resolve/reference/CAS?id=1:STN:280:DyaL1c3ksVymsw%3D%3D', 'http://apps.webofknowledge.com/InboundService.do?product=WOS&SID=Z1FSlHDk1z1GrOHrYUW&UT=WOS%3AA1988N407200004&SrcApp=Wiley_Online_Library&DestFail=http%3A%2F%2Fwww.webofknowledge.com&action=retrieve&Init=Yes&SrcAuth=LinksAMR&Func=Frame&customersID=LinksAMR&IsProductCode=Yes&mode=FullRecord']",2967893,https://doi.org/10.1007/BF02596337, Deyo 1988 {published data only}  ,included,CD008686-bbs2-0002,
CD008686-bib-0003,"Donner‐Banzhoff N, Roth T, Sönnichsen AC, Luckmann J, Leonhardt C, Chenot JF, et al. ",Evaluating the accuracy of a simple heuristic to identify serious causes of low back pain, Family Practice ,2006,23,  ,['citation-journal']," Donner‐Banzhoff N, Roth T, Sönnichsen AC, Luckmann J, Leonhardt C, Chenot JF, et al. Evaluating the accuracy of a simple heuristic to identify serious causes of low back pain.  Family Practice 2006;23(6):682‐6.    Link to article     PubMed     Google Scholar   Web of Science® Times Cited: 2   ","['https://doi.org/10.1093/fampra/cml049', 'https://www.ncbi.nlm.nih.gov/pubmed/17046973', 'https://scholar.google.com/scholar_lookup?title=Evaluating+the+accuracy+of+a+simple+heuristic+to+identify+serious+causes+of+low+back+pain+&author=N+Donner‐Banzhoff&author=T+Roth&author=AC+Sönnichsen&author=J+Luckmann&author=C+Leonhardt&author=JF+Chenot&publication_year=2006&hl=en', 'http://apps.webofknowledge.com/InboundService.do?product=WOS&SID=Z1FSlHDk1z1GrOHrYUW&UT=WOS%3A000242270400012&SrcApp=Wiley_Online_Library&DestFail=http%3A%2F%2Fwww.webofknowledge.com&action=retrieve&Init=Yes&SrcAuth=LinksAMR&Func=Frame&customersID=LinksAMR&IsProductCode=Yes&mode=FullRecord']",17046973,https://doi.org/10.1093/fampra/cml049, Donner‐Banzhoff 2006 {published data only}  ,included,CD008686-bbs2-0003,
CD008686-bib-0004,"Frazier LM, Carey TS, Lyles MF, Khayrallah MA, McGaghie WC. ",Selective criteria may increase lumbosacral spine roentgenogram use in acute low‐back pain, Archives of Internal Medicine ,1989,149,  ,['citation-journal']," Frazier LM, Carey TS, Lyles MF, Khayrallah MA, McGaghie WC. Selective criteria may increase lumbosacral spine roentgenogram use in acute low‐back pain.  Archives of Internal Medicine 1989;149:47‐50.    Link to article     PubMed     Google Scholar   CAS Web of Science® Times Cited: 17   ","['https://doi.org/10.1001/archinte.1989.00390010065005', 'https://www.ncbi.nlm.nih.gov/pubmed/2521444', 'https://scholar.google.com/scholar_lookup?title=Selective+criteria+may+increase+lumbosacral+spine+roentgenogram+use+in+acute+low‐back+pain+&author=LM+Frazier&author=TS+Carey&author=MF+Lyles&author=MA+Khayrallah&author=WC+McGaghie&publication_year=1989&hl=en', 'http://onlinelibrary.wiley.com/resolve/reference/CAS?id=1:STN:280:DyaL1M7gsVGrtg%3D%3D', 'http://apps.webofknowledge.com/InboundService.do?product=WOS&SID=Z1FSlHDk1z1GrOHrYUW&UT=WOS%3AA1989R753000005&SrcApp=Wiley_Online_Library&DestFail=http%3A%2F%2Fwww.webofknowledge.com&action=retrieve&Init=Yes&SrcAuth=LinksAMR&Func=Frame&customersID=LinksAMR&IsProductCode=Yes&mode=FullRecord']",2521444,https://doi.org/10.1001/archinte.1989.00390010065005, Frazier 1989 {published data only}  ,included,CD008686-bbs2-0004,
CD008686-bib-0005,"Henschke N, Maher CG, Refshauge KM, Herbert RD, Cumming RG, Bleasel J, et al. ",Prevalence of and screening for serious spinal pathology in patients presenting to primary care settings with acute low back pain, Arthritis & Rheumatism ,2009,60,  ,['citation-journal']," Henschke N, Maher CG, Refshauge KM, Herbert RD, Cumming RG, Bleasel J, et al. Prevalence of and screening for serious spinal pathology in patients presenting to primary care settings with acute low back pain.  Arthritis & Rheumatism 2009;60(10):3072‐80.    Link to article     Google Scholar   Web of Science® Times Cited: 35   ","['https://doi.org/10.1002/art.24853', 'https://scholar.google.com/scholar_lookup?title=Prevalence+of+and+screening+for+serious+spinal+pathology+in+patients+presenting+to+primary+care+settings+with+acute+low+back+pain+&author=N+Henschke&author=CG+Maher&author=KM+Refshauge&author=RD+Herbert&author=RG+Cumming&author=J+Bleasel&publication_year=2009&hl=en', 'http://apps.webofknowledge.com/InboundService.do?product=WOS&SID=Z1FSlHDk1z1GrOHrYUW&UT=WOS%3A000270696600025&SrcApp=Wiley_Online_Library&DestFail=http%3A%2F%2Fwww.webofknowledge.com&action=retrieve&Init=Yes&SrcAuth=LinksAMR&Func=Frame&customersID=LinksAMR&IsProductCode=Yes&mode=FullRecord']",,https://doi.org/10.1002/art.24853, Henschke 2009 {published data only}  ,included,CD008686-bbs2-0005,
CD008686-bib-0006,Jacobson AF. ,Musculoskeletal pain as an indicator of occult malignancy: yield of bone scintigraphy, Archives of Internal Medicine ,1997,157,  ,['citation-journal'], Jacobson AF. Musculoskeletal pain as an indicator of occult malignancy: yield of bone scintigraphy.  Archives of Internal Medicine 1997;157:105‐9.    Link to article     PubMed     Google Scholar   CAS Web of Science® Times Cited: 9   ,"['https://doi.org/10.1001/archinte.1997.00440220111014', 'https://www.ncbi.nlm.nih.gov/pubmed/8996047', 'https://scholar.google.com/scholar_lookup?title=Musculoskeletal+pain+as+an+indicator+of+occult+malignancy:+yield+of+bone+scintigraphy&author=AF+Jacobson&publication_year=1997&hl=en', 'http://onlinelibrary.wiley.com/resolve/reference/CAS?id=1:STN:280:DyaK2s7kvFaguw%3D%3D', 'http://apps.webofknowledge.com/InboundService.do?product=WOS&SID=Z1FSlHDk1z1GrOHrYUW&UT=WOS%3AA1997WB82700012&SrcApp=Wiley_Online_Library&DestFail=http%3A%2F%2Fwww.webofknowledge.com&action=retrieve&Init=Yes&SrcAuth=LinksAMR&Func=Frame&customersID=LinksAMR&IsProductCode=Yes&mode=FullRecord']",8996047,https://doi.org/10.1001/archinte.1997.00440220111014, Jacobson 1997 {published data only}  ,included,CD008686-bbs2-0006,
CD008686-bib-0007,"Khoo LAL, Heron C, Patel U, Given‐Wilson R, Grundy A, Khaw KT, et al. ",The diagnostic contribution of the frontal lumbar spine radiograph in community referred low back pain ‐ a prospective study of 1030 patients, Clinical Radiology ,2003,58,  ,['citation-journal']," Khoo LAL, Heron C, Patel U, Given‐Wilson R, Grundy A, Khaw KT, et al. The diagnostic contribution of the frontal lumbar spine radiograph in community referred low back pain ‐ a prospective study of 1030 patients.  Clinical Radiology 2003;58:606‐9.    Link to article     PubMed     Google Scholar   CAS Web of Science® Times Cited: 7   ","['https://doi.org/10.1016/S0009-9260(03)00173-9', 'https://www.ncbi.nlm.nih.gov/pubmed/12887953', 'https://scholar.google.com/scholar_lookup?title=The+diagnostic+contribution+of+the+frontal+lumbar+spine+radiograph+in+community+referred+low+back+pain+‐+a+prospective+study+of+1030+patients+&author=LAL+Khoo&author=C+Heron&author=U+Patel&author=R+Given‐Wilson&author=A+Grundy&author=KT+Khaw&publication_year=2003&hl=en', 'http://onlinelibrary.wiley.com/resolve/reference/CAS?id=1:STN:280:DC%2BD3szlsFehtQ%3D%3D', 'http://apps.webofknowledge.com/InboundService.do?product=WOS&SID=Z1FSlHDk1z1GrOHrYUW&UT=WOS%3A000184640800006&SrcApp=Wiley_Online_Library&DestFail=http%3A%2F%2Fwww.webofknowledge.com&action=retrieve&Init=Yes&SrcAuth=LinksAMR&Func=Frame&customersID=LinksAMR&IsProductCode=Yes&mode=FullRecord']",12887953,https://doi.org/10.1016/S0009-9260(03)00173-9, Khoo 2003 {published data only}  ,included,CD008686-bbs2-0007,
CD008686-bib-0008,"Reinus WR, Strome G, Zwemer Jr FL. ",Use of lumbosacral spine radiographs in a level II emergency department, American Journal of Roentgenology ,1998,170,  ,['citation-journal']," Reinus WR, Strome G, Zwemer Jr FL. Use of lumbosacral spine radiographs in a level II emergency department.  American Journal of Roentgenology 1998;170:443‐7.    Link to article     PubMed     Google Scholar   CAS Web of Science® Times Cited: 15   ","['https://doi.org/10.2214/ajr.170.2.9456961', 'https://www.ncbi.nlm.nih.gov/pubmed/9456961', 'https://scholar.google.com/scholar_lookup?title=Use+of+lumbosacral+spine+radiographs+in+a+level+II+emergency+department&author=WR+Reinus&author=G+Strome&author=FL+ZwemerJr&publication_year=1998&hl=en', 'http://onlinelibrary.wiley.com/resolve/reference/CAS?id=1:STN:280:DyaK1c7hvVSktQ%3D%3D', 'http://apps.webofknowledge.com/InboundService.do?product=WOS&SID=Z1FSlHDk1z1GrOHrYUW&UT=WOS%3A000071619500039&SrcApp=Wiley_Online_Library&DestFail=http%3A%2F%2Fwww.webofknowledge.com&action=retrieve&Init=Yes&SrcAuth=LinksAMR&Func=Frame&customersID=LinksAMR&IsProductCode=Yes&mode=FullRecord']",9456961,https://doi.org/10.2214/ajr.170.2.9456961, Reinus 1998 {published data only}  ,included,CD008686-bbs2-0008,
CD008686-bib-0009,"Börm W, Gleixner M, Klasen J. ",Spinal tumors in coexisting degenerative spine disease – a differential diagnostic problem, European Spine Journal ,2004,13,  ,['citation-journal']," Börm W, Gleixner M, Klasen J. Spinal tumors in coexisting degenerative spine disease – a differential diagnostic problem.  European Spine Journal 2004;13:633‐8.    Link to article     PubMed     Google Scholar   Web of Science® Times Cited: 7   ","['https://doi.org/10.1007/s00586-004-0678-4', 'https://www.ncbi.nlm.nih.gov/pubmed/15221575', 'https://scholar.google.com/scholar_lookup?title=Spinal+tumors+in+coexisting+degenerative+spine+disease+–+a+differential+diagnostic+problem+&author=W+Börm&author=M+Gleixner&author=J+Klasen&publication_year=2004&hl=en', 'http://apps.webofknowledge.com/InboundService.do?product=WOS&SID=Z1FSlHDk1z1GrOHrYUW&UT=WOS%3A000224955300009&SrcApp=Wiley_Online_Library&DestFail=http%3A%2F%2Fwww.webofknowledge.com&action=retrieve&Init=Yes&SrcAuth=LinksAMR&Func=Frame&customersID=LinksAMR&IsProductCode=Yes&mode=FullRecord']",15221575,https://doi.org/10.1007/s00586-004-0678-4, Börm 2004 {published data only}  ,excluded,CD008686-bbs2-0009, Case‐control design; included patient with cervical spine malignancy; no data available 
CD008686-bib-0010,"Sedonja I, Budihna N. ",The benefit of SPECT when added to planar scintigraphy in patients with bone metastases in the spine, Clinical Nuclear Medicine ,1999,24,  ,['citation-journal']," Sedonja I, Budihna N. The benefit of SPECT when added to planar scintigraphy in patients with bone metastases in the spine.  Clinical Nuclear Medicine 1999;24(6):407‐13.    Link to article     PubMed     Google Scholar   CAS Web of Science® Times Cited: 24   ","['https://doi.org/10.1097/00003072-199906000-00006', 'https://www.ncbi.nlm.nih.gov/pubmed/10361935', 'https://scholar.google.com/scholar_lookup?title=The+benefit+of+SPECT+when+added+to+planar+scintigraphy+in+patients+with+bone+metastases+in+the+spine+&author=I+Sedonja&author=N+Budihna&publication_year=1999&hl=en', 'http://onlinelibrary.wiley.com/resolve/reference/CAS?id=1:STN:280:DyaK1M3ovVOrsw%3D%3D', 'http://apps.webofknowledge.com/InboundService.do?product=WOS&SID=Z1FSlHDk1z1GrOHrYUW&UT=WOS%3A000080409300006&SrcApp=Wiley_Online_Library&DestFail=http%3A%2F%2Fwww.webofknowledge.com&action=retrieve&Init=Yes&SrcAuth=LinksAMR&Func=Frame&customersID=LinksAMR&IsProductCode=Yes&mode=FullRecord']",10361935,https://doi.org/10.1097/00003072-199906000-00006, Sedonja 1999 {published data only}  ,excluded,CD008686-bbs2-0010, Case‐control design; 'cases' were patients with any confirmed malignancy (i.e. not just spinal malignancy)  
CD008686-bib-0011,"Bigos SJ, Braen GR, Deyo RA, Hart J, Keller R, Liang M, et al. ",,Acute low back problems in adults. Clinical practice guideline no. 14,1994,,.   ,['citation-book']," Bigos SJ, Braen GR, Deyo RA, Hart J, Keller R, Liang M, et al. Acute low back problems in adults. Clinical practice guideline no. 14. Rockville, MD: Agency for Health Care Policy and Research, Public Health Service, U.S. Department of Health and Human Services, 1994.    ",[],,, Bigos 1994 ,additional,CD008686-bbs2-0011,
CD008686-bib-0012,"Bossuyt PM, Reitsma JB, Bruns DE, Gatsonis CA, Glasziou PP, Irwig LM, et al. ",Towards complete and accurate reporting of studies of diagnostic accuracy: The STARD Initiative, Annals of Internal Medicine ,2003,138,  ,['citation-journal']," Bossuyt PM, Reitsma JB, Bruns DE, Gatsonis CA, Glasziou PP, Irwig LM, et al. Towards complete and accurate reporting of studies of diagnostic accuracy: The STARD Initiative.  Annals of Internal Medicine 2003;138:40‐4.    Link to article     PubMed     Google Scholar   Web of Science® Times Cited: 470   ","['https://doi.org/10.7326/0003-4819-138-1-200301070-00010', 'https://www.ncbi.nlm.nih.gov/pubmed/12513043', 'https://scholar.google.com/scholar_lookup?title=Towards+complete+and+accurate+reporting+of+studies+of+diagnostic+accuracy:+The+STARD+Initiative+&author=PM+Bossuyt&author=JB+Reitsma&author=DE+Bruns&author=CA+Gatsonis&author=PP+Glasziou&author=LM+Irwig&publication_year=2003&hl=en', 'http://apps.webofknowledge.com/InboundService.do?product=WOS&SID=Z1FSlHDk1z1GrOHrYUW&UT=WOS%3A000180996200006&SrcApp=Wiley_Online_Library&DestFail=http%3A%2F%2Fwww.webofknowledge.com&action=retrieve&Init=Yes&SrcAuth=LinksAMR&Func=Frame&customersID=LinksAMR&IsProductCode=Yes&mode=FullRecord']",12513043,https://doi.org/10.7326/0003-4819-138-1-200301070-00010, Bossuyt 2003 ,additional,CD008686-bbs2-0012,
CD008686-bib-0013,"Chou R, Qaseem A, Snow V, Casey D, Cross JT, Shekelle P, et al. ",Diagnosis and treatment of low back pain: a joint clinical practice guideline from the American College of Physicians and the American Pain Society, Annals of Internal Medicine ,2007,147,  ,['citation-journal']," Chou R, Qaseem A, Snow V, Casey D, Cross JT, Shekelle P, et al. Diagnosis and treatment of low back pain: a joint clinical practice guideline from the American College of Physicians and the American Pain Society.  Annals of Internal Medicine 2007;147(7):478‐91.    Link to article     PubMed     Google Scholar   Web of Science® Times Cited: 717   ","['https://doi.org/10.7326/0003-4819-147-7-200710020-00006', 'https://www.ncbi.nlm.nih.gov/pubmed/17909209', 'https://scholar.google.com/scholar_lookup?title=Diagnosis+and+treatment+of+low+back+pain:+a+joint+clinical+practice+guideline+from+the+American+College+of+Physicians+and+the+American+Pain+Society+&author=R+Chou&author=A+Qaseem&author=V+Snow&author=D+Casey&author=JT+Cross&author=P+Shekelle&publication_year=2007&hl=en', 'http://apps.webofknowledge.com/InboundService.do?product=WOS&SID=Z1FSlHDk1z1GrOHrYUW&UT=WOS%3A000250214700005&SrcApp=Wiley_Online_Library&DestFail=http%3A%2F%2Fwww.webofknowledge.com&action=retrieve&Init=Yes&SrcAuth=LinksAMR&Func=Frame&customersID=LinksAMR&IsProductCode=Yes&mode=FullRecord']",17909209,https://doi.org/10.7326/0003-4819-147-7-200710020-00006, Chou 2007 ,additional,CD008686-bbs2-0013,
CD008686-bib-0014,"Deeks JJ, Bossuyt PM, Gatsonis C (editors). ",Cochrane Handbook for Systematic Reviews of Diagnostic Test Accuracy Version 1.0.1 [updated March 2009],,,,". The Cochrane Collaboration, 2009. Available from: http://srdta.cochrane.org/.   ",['citation-other']," Deeks JJ, Bossuyt PM, Gatsonis C (editors). Cochrane Handbook for Systematic Reviews of Diagnostic Test Accuracy Version 1.0.1 [updated March 2009]. The Cochrane Collaboration, 2009. Available from: http://srdta.cochrane.org/.    ",[],,, Deeks 2009 ,additional,CD008686-bbs2-0014,
CD008686-bib-0015,"Deyo RA, Rainville J, Kent DL. ",What can the history and physical examination tell us about low back pain?, JAMA ,1992,268,  ,['citation-journal']," Deyo RA, Rainville J, Kent DL. What can the history and physical examination tell us about low back pain?.  JAMA 1992;268(6):760‐5.    Link to article     PubMed     Google Scholar   CAS Web of Science® Times Cited: 400   ","['https://doi.org/10.1001/jama.1992.03490060092030', 'https://www.ncbi.nlm.nih.gov/pubmed/1386391', 'https://scholar.google.com/scholar_lookup?title=What+can+the+history+and+physical+examination+tell+us+about+low+back+pain?&author=RA+Deyo&author=J+Rainville&author=DL+Kent&publication_year=1992&hl=en', 'http://onlinelibrary.wiley.com/resolve/reference/CAS?id=1:STN:280:DyaK38zkvFGluw%3D%3D', 'http://apps.webofknowledge.com/InboundService.do?product=WOS&SID=Z1FSlHDk1z1GrOHrYUW&UT=WOS%3AA1992JG66600018&SrcApp=Wiley_Online_Library&DestFail=http%3A%2F%2Fwww.webofknowledge.com&action=retrieve&Init=Yes&SrcAuth=LinksAMR&Func=Frame&customersID=LinksAMR&IsProductCode=Yes&mode=FullRecord']",1386391,https://doi.org/10.1001/jama.1992.03490060092030, Deyo 1992 ,additional,CD008686-bbs2-0015,
CD008686-bib-0016,"Henschke N, Maher CG, Refshauge KM. ",Screening for malignancy in low back pain patients: a systematic review, European Spine Journal ,2007,16,  ,['citation-journal']," Henschke N, Maher CG, Refshauge KM. Screening for malignancy in low back pain patients: a systematic review.  European Spine Journal 2007;16(10):1673‐9.    Link to article     PubMed     Google Scholar   Web of Science® Times Cited: 18   ","['https://doi.org/10.1007/s00586-007-0412-0', 'https://www.ncbi.nlm.nih.gov/pubmed/17566791', 'https://scholar.google.com/scholar_lookup?title=Screening+for+malignancy+in+low+back+pain+patients:+a+systematic+review&author=N+Henschke&author=CG+Maher&author=KM+Refshauge&publication_year=2007&hl=en', 'http://apps.webofknowledge.com/InboundService.do?product=WOS&SID=Z1FSlHDk1z1GrOHrYUW&UT=WOS%3A000250205600019&SrcApp=Wiley_Online_Library&DestFail=http%3A%2F%2Fwww.webofknowledge.com&action=retrieve&Init=Yes&SrcAuth=LinksAMR&Func=Frame&customersID=LinksAMR&IsProductCode=Yes&mode=FullRecord']",17566791,https://doi.org/10.1007/s00586-007-0412-0, Henschke 2007 ,additional,CD008686-bbs2-0016,
CD008686-bib-0017,"Henschke N, Williams C, Maher CG, van Tulder MW, Koes BW, Macaskill P, et al. ",Red flags to screen for vertebral fracture in patients presenting with low‐back pain, Cochrane Database of Systematic Reviews ,2010,,    ,['citation-journal']," Henschke N, Williams C, Maher CG, van Tulder MW, Koes BW, Macaskill P, et al. Red flags to screen for vertebral fracture in patients presenting with low‐back pain.  Cochrane Database of Systematic Reviews 2010, Issue 8. [DOI: 10.1002/14651858.CD008643]    Google Scholar     ",['https://scholar.google.com/scholar_lookup?title=Red+flags+to+screen+for+vertebral+fracture+in+patients+presenting+with+low‐back+pain&author=N+Henschke&author=C+Williams&author=CG+Maher&author=MW+Tulder&author=BW+Koes&author=P+Macaskill&publication_year=2010&hl=en'],,, Henschke 2010 ,additional,CD008686-bbs2-0017,
CD008686-bib-0018,"Jarvik JG, Deyo RA. ",Diagnostic evaluation of low back pain with emphasis on imaging, Annals of Internal Medicine ,2002,137,  ,['citation-journal']," Jarvik JG, Deyo RA. Diagnostic evaluation of low back pain with emphasis on imaging.  Annals of Internal Medicine 2002;137:586‐97.    Link to article     PubMed     Google Scholar   Web of Science® Times Cited: 196   ","['https://doi.org/10.7326/0003-4819-137-7-200210010-00010', 'https://www.ncbi.nlm.nih.gov/pubmed/12353946', 'https://scholar.google.com/scholar_lookup?title=Diagnostic+evaluation+of+low+back+pain+with+emphasis+on+imaging&author=JG+Jarvik&author=RA+Deyo&publication_year=2002&hl=en', 'http://apps.webofknowledge.com/InboundService.do?product=WOS&SID=Z1FSlHDk1z1GrOHrYUW&UT=WOS%3A000178355100005&SrcApp=Wiley_Online_Library&DestFail=http%3A%2F%2Fwww.webofknowledge.com&action=retrieve&Init=Yes&SrcAuth=LinksAMR&Func=Frame&customersID=LinksAMR&IsProductCode=Yes&mode=FullRecord']",12353946,https://doi.org/10.7326/0003-4819-137-7-200210010-00010, Jarvik 2002 ,additional,CD008686-bbs2-0018,
CD008686-bib-0019,"Joines JD, McNutt RA, Carey TS, Deyo RA, Rouhani R. ",Finding cancer in primary care outpatients with low back pain: a comparison of diagnostic strategies, Journal of General Internal Medicine ,2001,16,  ,['citation-journal']," Joines JD, McNutt RA, Carey TS, Deyo RA, Rouhani R. Finding cancer in primary care outpatients with low back pain: a comparison of diagnostic strategies.  Journal of General Internal Medicine 2001;16:14‐23.    Link to article     PubMed     Google Scholar   CAS Web of Science® Times Cited: 29   ","['https://doi.org/10.1111/j.1525-1497.2001.00249.x', 'https://www.ncbi.nlm.nih.gov/pubmed/11251746', 'https://scholar.google.com/scholar_lookup?title=Finding+cancer+in+primary+care+outpatients+with+low+back+pain:+a+comparison+of+diagnostic+strategies+&author=JD+Joines&author=RA+McNutt&author=TS+Carey&author=RA+Deyo&author=R+Rouhani&publication_year=2001&hl=en', 'http://onlinelibrary.wiley.com/resolve/reference/CAS?id=1:STN:280:DC%2BD3M3lslCqug%3D%3D', 'http://apps.webofknowledge.com/InboundService.do?product=WOS&SID=Z1FSlHDk1z1GrOHrYUW&UT=WOS%3A000166979600003&SrcApp=Wiley_Online_Library&DestFail=http%3A%2F%2Fwww.webofknowledge.com&action=retrieve&Init=Yes&SrcAuth=LinksAMR&Func=Frame&customersID=LinksAMR&IsProductCode=Yes&mode=FullRecord']",11251746,https://doi.org/10.1111/j.1525-1497.2001.00249.x, Joines 2001 ,additional,CD008686-bbs2-0019,
CD008686-bib-0020,"Koes BW, van Tulder MW, Thomas S. ",Diagnosis and treatment of low back pain, BMJ ,2006,332,  ,['citation-journal']," Koes BW, van Tulder MW, Thomas S. Diagnosis and treatment of low back pain.  BMJ 2006;332:1430‐4.    Link to article     PubMed     Google Scholar   CAS Web of Science® Times Cited: 150   ","['https://doi.org/10.1136/bmj.332.7555.1430', 'https://www.ncbi.nlm.nih.gov/pubmed/16777886', 'https://scholar.google.com/scholar_lookup?title=Diagnosis+and+treatment+of+low+back+pain&author=BW+Koes&author=MW+Tulder&author=S+Thomas&publication_year=2006&hl=en', 'http://onlinelibrary.wiley.com/resolve/reference/CAS?id=1:STN:280:DC%2BD28zmtlSnuw%3D%3D', 'http://apps.webofknowledge.com/InboundService.do?product=WOS&SID=Z1FSlHDk1z1GrOHrYUW&UT=WOS%3A000238550800033&SrcApp=Wiley_Online_Library&DestFail=http%3A%2F%2Fwww.webofknowledge.com&action=retrieve&Init=Yes&SrcAuth=LinksAMR&Func=Frame&customersID=LinksAMR&IsProductCode=Yes&mode=FullRecord']",16777886,https://doi.org/10.1136/bmj.332.7555.1430, Koes 2006 ,additional,CD008686-bbs2-0020,
CD008686-bib-0021,"Koes BW, van Tulder MW, Lin CWC, Macedo LG, McAuley J, Maher C. ",An updated overview of clinical guidelines for the management of non‐specific low back pain in primary care, European Spine Journal ,2010,19,  ,['citation-journal']," Koes BW, van Tulder MW, Lin CWC, Macedo LG, McAuley J, Maher C. An updated overview of clinical guidelines for the management of non‐specific low back pain in primary care.  European Spine Journal 2010;19(12):2075‐94.    Link to article     PubMed     Google Scholar   Web of Science® Times Cited: 56   ","['https://doi.org/10.1007/s00586-010-1502-y', 'https://www.ncbi.nlm.nih.gov/pubmed/20602122', 'https://scholar.google.com/scholar_lookup?title=An+updated+overview+of+clinical+guidelines+for+the+management+of+non‐specific+low+back+pain+in+primary+care+&author=BW+Koes&author=MW+Tulder&author=CWC+Lin&author=LG+Macedo&author=J+McAuley&author=C+Maher&publication_year=2010&hl=en', 'http://apps.webofknowledge.com/InboundService.do?product=WOS&SID=Z1FSlHDk1z1GrOHrYUW&UT=WOS%3A000285103700001&SrcApp=Wiley_Online_Library&DestFail=http%3A%2F%2Fwww.webofknowledge.com&action=retrieve&Init=Yes&SrcAuth=LinksAMR&Func=Frame&customersID=LinksAMR&IsProductCode=Yes&mode=FullRecord']",20602122,https://doi.org/10.1007/s00586-010-1502-y, Koes 2010 ,additional,CD008686-bbs2-0021,
CD008686-bib-0022,"Loblaw DA, Perry J, Chambers A, Laperriere NJ. ",Systematic review of the diagnosis and management of malignant extradural spinal cord compression: The Cancer Care Ontario Practice Guidelines Initiative’s Neuro‐Oncology Disease Site Group, Journal of Clinical Oncology ,2005,23,  ,['citation-journal']," Loblaw DA, Perry J, Chambers A, Laperriere NJ. Systematic review of the diagnosis and management of malignant extradural spinal cord compression: The Cancer Care Ontario Practice Guidelines Initiative’s Neuro‐Oncology Disease Site Group.  Journal of Clinical Oncology 2005;23(9):2028‐37.    Link to article     PubMed     Google Scholar   Web of Science® Times Cited: 98   ","['https://doi.org/10.1200/JCO.2005.00.067', 'https://www.ncbi.nlm.nih.gov/pubmed/15774794', 'https://scholar.google.com/scholar_lookup?title=Systematic+review+of+the+diagnosis+and+management+of+malignant+extradural+spinal+cord+compression:+The+Cancer+Care+Ontario+Practice+Guidelines+Initiative’s+Neuro‐Oncology+Disease+Site+Group+&author=DA+Loblaw&author=J+Perry&author=A+Chambers&author=NJ+Laperriere&publication_year=2005&hl=en', 'http://apps.webofknowledge.com/InboundService.do?product=WOS&SID=Z1FSlHDk1z1GrOHrYUW&UT=WOS%3A000228024800031&SrcApp=Wiley_Online_Library&DestFail=http%3A%2F%2Fwww.webofknowledge.com&action=retrieve&Init=Yes&SrcAuth=LinksAMR&Func=Frame&customersID=LinksAMR&IsProductCode=Yes&mode=FullRecord']",15774794,https://doi.org/10.1200/JCO.2005.00.067, Loblaw 2005 ,additional,CD008686-bbs2-0022,
CD008686-bib-0023,"Sciubba DM, Gokaslan ZL. ",Diagnosis and management of metastatic spine disease, Surgical Oncology ,2006,15,  ,['citation-journal']," Sciubba DM, Gokaslan ZL. Diagnosis and management of metastatic spine disease.  Surgical Oncology 2006;15:141‐51.    Link to article     PubMed     Google Scholar   Web of Science® Times Cited: 28   ","['https://doi.org/10.1016/j.suronc.2006.11.002', 'https://www.ncbi.nlm.nih.gov/pubmed/17184989', 'https://scholar.google.com/scholar_lookup?title=Diagnosis+and+management+of+metastatic+spine+disease&author=DM+Sciubba&author=ZL+Gokaslan&publication_year=2006&hl=en', 'http://apps.webofknowledge.com/InboundService.do?product=WOS&SID=Z1FSlHDk1z1GrOHrYUW&UT=WOS%3A000245285100004&SrcApp=Wiley_Online_Library&DestFail=http%3A%2F%2Fwww.webofknowledge.com&action=retrieve&Init=Yes&SrcAuth=LinksAMR&Func=Frame&customersID=LinksAMR&IsProductCode=Yes&mode=FullRecord']",17184989,https://doi.org/10.1016/j.suronc.2006.11.002, Sciubba 2006 ,additional,CD008686-bbs2-0023,
CD008686-bib-0024,"Smidt N, Rutjes AW, van der Windt DA, Ostelo RW, Bossuyt PM, Reitsma JB, et al. ",The quality of diagnostic accuracy studies since the STARD statement: has it improved?, Neurology ,2006,67,  ,['citation-journal']," Smidt N, Rutjes AW, van der Windt DA, Ostelo RW, Bossuyt PM, Reitsma JB, et al. The quality of diagnostic accuracy studies since the STARD statement: has it improved?.  Neurology 2006;67:792‐7.    Link to article     PubMed     Google Scholar   CAS Web of Science® Times Cited: 59   ","['https://doi.org/10.1212/01.wnl.0000238386.41398.30', 'https://www.ncbi.nlm.nih.gov/pubmed/16966539', 'https://scholar.google.com/scholar_lookup?title=The+quality+of+diagnostic+accuracy+studies+since+the+STARD+statement:+has+it+improved?&author=N+Smidt&author=AW+Rutjes&author=DA+Windt&author=RW+Ostelo&author=PM+Bossuyt&author=JB+Reitsma&publication_year=2006&hl=en', 'http://onlinelibrary.wiley.com/resolve/reference/CAS?id=1:STN:280:DC%2BD28rktF2msg%3D%3D', 'http://apps.webofknowledge.com/InboundService.do?product=WOS&SID=Z1FSlHDk1z1GrOHrYUW&UT=WOS%3A000240437700013&SrcApp=Wiley_Online_Library&DestFail=http%3A%2F%2Fwww.webofknowledge.com&action=retrieve&Init=Yes&SrcAuth=LinksAMR&Func=Frame&customersID=LinksAMR&IsProductCode=Yes&mode=FullRecord']",16966539,https://doi.org/10.1212/01.wnl.0000238386.41398.30, Smidt 2006 ,additional,CD008686-bbs2-0024,
CD008686-bib-0025,Underwood M. ,Diagnosing acute nonspecific low back pain: time to lower the red flags?, Arthritis & Rheumatism ,2009,60,  ,['citation-journal'], Underwood M. Diagnosing acute nonspecific low back pain: time to lower the red flags?.  Arthritis & Rheumatism 2009;60(10):2855‐7.    Link to article     Google Scholar   Web of Science® Times Cited: 7   ,"['https://doi.org/10.1002/art.24858', 'https://scholar.google.com/scholar_lookup?title=Diagnosing+acute+nonspecific+low+back+pain:+time+to+lower+the+red+flags?&author=M+Underwood&publication_year=2009&hl=en', 'http://apps.webofknowledge.com/InboundService.do?product=WOS&SID=Z1FSlHDk1z1GrOHrYUW&UT=WOS%3A000270696600001&SrcApp=Wiley_Online_Library&DestFail=http%3A%2F%2Fwww.webofknowledge.com&action=retrieve&Init=Yes&SrcAuth=LinksAMR&Func=Frame&customersID=LinksAMR&IsProductCode=Yes&mode=FullRecord']",,https://doi.org/10.1002/art.24858, Underwood 2009 ,additional,CD008686-bbs2-0025,
CD008686-bib-0026,"van der Windt DAWM, Simons E, Riphagen II, Ammendolia C, Verhagen AP, Laslett M, et al. ",Physical examination for lumbar radiculopathy due to disc herniation in patients with low‐back pain, Cochrane Database of Systematic Reviews ,2010,,    ,['citation-journal']," van der Windt DAWM, Simons E, Riphagen II, Ammendolia C, Verhagen AP, Laslett M, et al. Physical examination for lumbar radiculopathy due to disc herniation in patients with low‐back pain.  Cochrane Database of Systematic Reviews 2010, Issue 2. [DOI: 10.1002/14651858.CD007431.pub2]    Google Scholar     ",['https://scholar.google.com/scholar_lookup?title=Physical+examination+for+lumbar+radiculopathy+due+to+disc+herniation+in+patients+with+low‐back+pain+&author=DAWM+Windt&author=E+Simons&author=II+Riphagen&author=C+Ammendolia&author=AP+Verhagen&author=M+Laslett&publication_year=2010&hl=en'],,, van der Windt 2010 ,additional,CD008686-bbs2-0026,
CD008686-bib-0027,"van Tulder M, Becker A, Bekkering T, Breen A, Gil del Real MT, Hutchinson A, et al. ",,European guidelines for the management of acute nonspecific low back pain in primary care,2004,,.   ,['citation-book']," van Tulder M, Becker A, Bekkering T, Breen A, Gil del Real MT, Hutchinson A, et al. European guidelines for the management of acute nonspecific low back pain in primary care. European Commission COST B13; Available at www.backpaineurope.org (accessed Dec 8, 2009), 2004.    ",[],,, van Tulder 2004 ,additional,CD008686-bbs2-0027,
CD008686-bib-0028,Waddell G. ,,The Back Pain Revolution,2004,,.   ,['citation-book']," Waddell G. The Back Pain Revolution. 2nd Edition. London: Churchill Livingstone, 2004.    ",[],,, Waddell 2004 ,additional,CD008686-bbs2-0028,
CD008686-bib-0029,"Whiting P, Rutjes A, Reitsma J, Bossuyt P, Kleijnen J. ",The development of QUADAS: a tool for the quality assessment of studies of diagnostic accuracy included in systematic reviews, BMC Medical Research Methodology ,2003,3,    ,['citation-journal']," Whiting P, Rutjes A, Reitsma J, Bossuyt P, Kleijnen J. The development of QUADAS: a tool for the quality assessment of studies of diagnostic accuracy included in systematic reviews.  BMC Medical Research Methodology 2003;3(25):available from http://www.biomedcentral.com/1471‐2288/3/25. [DOI: 10.1186/1471‐2288‐3‐25]    Link to article     Google Scholar     ","['https://doi.org/10.1186/1471-2288-3-25', 'https://scholar.google.com/scholar_lookup?title=The+development+of+QUADAS:+a+tool+for+the+quality+assessment+of+studies+of+diagnostic+accuracy+included+in+systematic+reviews+&author=P+Whiting&author=A+Rutjes&author=J+Reitsma&author=P+Bossuyt&author=J+Kleijnen&publication_year=2003&hl=en']",,https://doi.org/10.1186/1471-2288-3-25, Whiting 2003 ,additional,CD008686-bbs2-0029,
